,Labels,Paths
0,5.0,data/download_mnist/Images/image_0.png
1,0.0,data/download_mnist/Images/image_1.png
2,4.0,data/download_mnist/Images/image_2.png
3,1.0,data/download_mnist/Images/image_3.png
4,9.0,data/download_mnist/Images/image_4.png
5,2.0,data/download_mnist/Images/image_5.png
6,1.0,data/download_mnist/Images/image_6.png
7,3.0,data/download_mnist/Images/image_7.png
8,1.0,data/download_mnist/Images/image_8.png
9,4.0,data/download_mnist/Images/image_9.png
10,3.0,data/download_mnist/Images/image_10.png
11,5.0,data/download_mnist/Images/image_11.png
12,3.0,data/download_mnist/Images/image_12.png
13,6.0,data/download_mnist/Images/image_13.png
14,1.0,data/download_mnist/Images/image_14.png
15,7.0,data/download_mnist/Images/image_15.png
16,2.0,data/download_mnist/Images/image_16.png
17,8.0,data/download_mnist/Images/image_17.png
18,6.0,data/download_mnist/Images/image_18.png
19,9.0,data/download_mnist/Images/image_19.png
20,4.0,data/download_mnist/Images/image_20.png
21,0.0,data/download_mnist/Images/image_21.png
22,9.0,data/download_mnist/Images/image_22.png
23,1.0,data/download_mnist/Images/image_23.png
24,1.0,data/download_mnist/Images/image_24.png
25,2.0,data/download_mnist/Images/image_25.png
26,4.0,data/download_mnist/Images/image_26.png
27,3.0,data/download_mnist/Images/image_27.png
28,2.0,data/download_mnist/Images/image_28.png
29,7.0,data/download_mnist/Images/image_29.png
30,3.0,data/download_mnist/Images/image_30.png
31,8.0,data/download_mnist/Images/image_31.png
32,6.0,data/download_mnist/Images/image_32.png
33,9.0,data/download_mnist/Images/image_33.png
34,0.0,data/download_mnist/Images/image_34.png
35,5.0,data/download_mnist/Images/image_35.png
36,6.0,data/download_mnist/Images/image_36.png
37,0.0,data/download_mnist/Images/image_37.png
38,7.0,data/download_mnist/Images/image_38.png
39,6.0,data/download_mnist/Images/image_39.png
40,1.0,data/download_mnist/Images/image_40.png
41,8.0,data/download_mnist/Images/image_41.png
42,7.0,data/download_mnist/Images/image_42.png
43,9.0,data/download_mnist/Images/image_43.png
44,3.0,data/download_mnist/Images/image_44.png
45,9.0,data/download_mnist/Images/image_45.png
46,8.0,data/download_mnist/Images/image_46.png
47,5.0,data/download_mnist/Images/image_47.png
48,9.0,data/download_mnist/Images/image_48.png
49,3.0,data/download_mnist/Images/image_49.png
50,3.0,data/download_mnist/Images/image_50.png
51,0.0,data/download_mnist/Images/image_51.png
52,7.0,data/download_mnist/Images/image_52.png
53,4.0,data/download_mnist/Images/image_53.png
54,9.0,data/download_mnist/Images/image_54.png
55,8.0,data/download_mnist/Images/image_55.png
56,0.0,data/download_mnist/Images/image_56.png
57,9.0,data/download_mnist/Images/image_57.png
58,4.0,data/download_mnist/Images/image_58.png
59,1.0,data/download_mnist/Images/image_59.png
60,4.0,data/download_mnist/Images/image_60.png
61,4.0,data/download_mnist/Images/image_61.png
62,6.0,data/download_mnist/Images/image_62.png
63,0.0,data/download_mnist/Images/image_63.png
64,4.0,data/download_mnist/Images/image_64.png
65,5.0,data/download_mnist/Images/image_65.png
66,6.0,data/download_mnist/Images/image_66.png
67,1.0,data/download_mnist/Images/image_67.png
68,0.0,data/download_mnist/Images/image_68.png
69,0.0,data/download_mnist/Images/image_69.png
70,1.0,data/download_mnist/Images/image_70.png
71,7.0,data/download_mnist/Images/image_71.png
72,1.0,data/download_mnist/Images/image_72.png
73,6.0,data/download_mnist/Images/image_73.png
74,3.0,data/download_mnist/Images/image_74.png
75,0.0,data/download_mnist/Images/image_75.png
76,2.0,data/download_mnist/Images/image_76.png
77,1.0,data/download_mnist/Images/image_77.png
78,1.0,data/download_mnist/Images/image_78.png
79,7.0,data/download_mnist/Images/image_79.png
80,9.0,data/download_mnist/Images/image_80.png
81,0.0,data/download_mnist/Images/image_81.png
82,2.0,data/download_mnist/Images/image_82.png
83,6.0,data/download_mnist/Images/image_83.png
84,7.0,data/download_mnist/Images/image_84.png
85,8.0,data/download_mnist/Images/image_85.png
86,3.0,data/download_mnist/Images/image_86.png
87,9.0,data/download_mnist/Images/image_87.png
88,0.0,data/download_mnist/Images/image_88.png
89,4.0,data/download_mnist/Images/image_89.png
90,6.0,data/download_mnist/Images/image_90.png
91,7.0,data/download_mnist/Images/image_91.png
92,4.0,data/download_mnist/Images/image_92.png
93,6.0,data/download_mnist/Images/image_93.png
94,8.0,data/download_mnist/Images/image_94.png
95,0.0,data/download_mnist/Images/image_95.png
96,7.0,data/download_mnist/Images/image_96.png
97,8.0,data/download_mnist/Images/image_97.png
98,3.0,data/download_mnist/Images/image_98.png
99,1.0,data/download_mnist/Images/image_99.png
100,5.0,data/download_mnist/Images/image_100.png
101,7.0,data/download_mnist/Images/image_101.png
102,1.0,data/download_mnist/Images/image_102.png
103,7.0,data/download_mnist/Images/image_103.png
104,1.0,data/download_mnist/Images/image_104.png
105,1.0,data/download_mnist/Images/image_105.png
106,6.0,data/download_mnist/Images/image_106.png
107,3.0,data/download_mnist/Images/image_107.png
108,0.0,data/download_mnist/Images/image_108.png
109,2.0,data/download_mnist/Images/image_109.png
110,9.0,data/download_mnist/Images/image_110.png
111,3.0,data/download_mnist/Images/image_111.png
112,1.0,data/download_mnist/Images/image_112.png
113,1.0,data/download_mnist/Images/image_113.png
114,0.0,data/download_mnist/Images/image_114.png
115,4.0,data/download_mnist/Images/image_115.png
116,9.0,data/download_mnist/Images/image_116.png
117,2.0,data/download_mnist/Images/image_117.png
118,0.0,data/download_mnist/Images/image_118.png
119,0.0,data/download_mnist/Images/image_119.png
120,2.0,data/download_mnist/Images/image_120.png
121,0.0,data/download_mnist/Images/image_121.png
122,2.0,data/download_mnist/Images/image_122.png
123,7.0,data/download_mnist/Images/image_123.png
124,1.0,data/download_mnist/Images/image_124.png
125,8.0,data/download_mnist/Images/image_125.png
126,6.0,data/download_mnist/Images/image_126.png
127,4.0,data/download_mnist/Images/image_127.png
128,1.0,data/download_mnist/Images/image_128.png
129,6.0,data/download_mnist/Images/image_129.png
130,3.0,data/download_mnist/Images/image_130.png
131,4.0,data/download_mnist/Images/image_131.png
132,5.0,data/download_mnist/Images/image_132.png
133,9.0,data/download_mnist/Images/image_133.png
134,1.0,data/download_mnist/Images/image_134.png
135,3.0,data/download_mnist/Images/image_135.png
136,3.0,data/download_mnist/Images/image_136.png
137,8.0,data/download_mnist/Images/image_137.png
138,5.0,data/download_mnist/Images/image_138.png
139,4.0,data/download_mnist/Images/image_139.png
140,7.0,data/download_mnist/Images/image_140.png
141,7.0,data/download_mnist/Images/image_141.png
142,4.0,data/download_mnist/Images/image_142.png
143,2.0,data/download_mnist/Images/image_143.png
144,8.0,data/download_mnist/Images/image_144.png
145,5.0,data/download_mnist/Images/image_145.png
146,8.0,data/download_mnist/Images/image_146.png
147,6.0,data/download_mnist/Images/image_147.png
148,7.0,data/download_mnist/Images/image_148.png
149,3.0,data/download_mnist/Images/image_149.png
150,4.0,data/download_mnist/Images/image_150.png
151,6.0,data/download_mnist/Images/image_151.png
152,1.0,data/download_mnist/Images/image_152.png
153,9.0,data/download_mnist/Images/image_153.png
154,9.0,data/download_mnist/Images/image_154.png
155,6.0,data/download_mnist/Images/image_155.png
156,0.0,data/download_mnist/Images/image_156.png
157,3.0,data/download_mnist/Images/image_157.png
158,7.0,data/download_mnist/Images/image_158.png
159,2.0,data/download_mnist/Images/image_159.png
160,8.0,data/download_mnist/Images/image_160.png
161,2.0,data/download_mnist/Images/image_161.png
162,9.0,data/download_mnist/Images/image_162.png
163,4.0,data/download_mnist/Images/image_163.png
164,4.0,data/download_mnist/Images/image_164.png
165,6.0,data/download_mnist/Images/image_165.png
166,4.0,data/download_mnist/Images/image_166.png
167,9.0,data/download_mnist/Images/image_167.png
168,7.0,data/download_mnist/Images/image_168.png
169,0.0,data/download_mnist/Images/image_169.png
170,9.0,data/download_mnist/Images/image_170.png
171,2.0,data/download_mnist/Images/image_171.png
172,9.0,data/download_mnist/Images/image_172.png
173,5.0,data/download_mnist/Images/image_173.png
174,1.0,data/download_mnist/Images/image_174.png
175,5.0,data/download_mnist/Images/image_175.png
176,9.0,data/download_mnist/Images/image_176.png
177,1.0,data/download_mnist/Images/image_177.png
178,2.0,data/download_mnist/Images/image_178.png
179,3.0,data/download_mnist/Images/image_179.png
180,2.0,data/download_mnist/Images/image_180.png
181,3.0,data/download_mnist/Images/image_181.png
182,5.0,data/download_mnist/Images/image_182.png
183,9.0,data/download_mnist/Images/image_183.png
184,1.0,data/download_mnist/Images/image_184.png
185,7.0,data/download_mnist/Images/image_185.png
186,6.0,data/download_mnist/Images/image_186.png
187,2.0,data/download_mnist/Images/image_187.png
188,8.0,data/download_mnist/Images/image_188.png
189,2.0,data/download_mnist/Images/image_189.png
190,2.0,data/download_mnist/Images/image_190.png
191,5.0,data/download_mnist/Images/image_191.png
192,0.0,data/download_mnist/Images/image_192.png
193,7.0,data/download_mnist/Images/image_193.png
194,4.0,data/download_mnist/Images/image_194.png
195,9.0,data/download_mnist/Images/image_195.png
196,7.0,data/download_mnist/Images/image_196.png
197,8.0,data/download_mnist/Images/image_197.png
198,3.0,data/download_mnist/Images/image_198.png
199,2.0,data/download_mnist/Images/image_199.png
200,1.0,data/download_mnist/Images/image_200.png
201,1.0,data/download_mnist/Images/image_201.png
202,8.0,data/download_mnist/Images/image_202.png
203,3.0,data/download_mnist/Images/image_203.png
204,6.0,data/download_mnist/Images/image_204.png
205,1.0,data/download_mnist/Images/image_205.png
206,0.0,data/download_mnist/Images/image_206.png
207,3.0,data/download_mnist/Images/image_207.png
208,1.0,data/download_mnist/Images/image_208.png
209,0.0,data/download_mnist/Images/image_209.png
210,0.0,data/download_mnist/Images/image_210.png
211,1.0,data/download_mnist/Images/image_211.png
212,7.0,data/download_mnist/Images/image_212.png
213,2.0,data/download_mnist/Images/image_213.png
214,7.0,data/download_mnist/Images/image_214.png
215,3.0,data/download_mnist/Images/image_215.png
216,0.0,data/download_mnist/Images/image_216.png
217,4.0,data/download_mnist/Images/image_217.png
218,6.0,data/download_mnist/Images/image_218.png
219,5.0,data/download_mnist/Images/image_219.png
220,2.0,data/download_mnist/Images/image_220.png
221,6.0,data/download_mnist/Images/image_221.png
222,4.0,data/download_mnist/Images/image_222.png
223,7.0,data/download_mnist/Images/image_223.png
224,1.0,data/download_mnist/Images/image_224.png
225,8.0,data/download_mnist/Images/image_225.png
226,9.0,data/download_mnist/Images/image_226.png
227,9.0,data/download_mnist/Images/image_227.png
228,3.0,data/download_mnist/Images/image_228.png
229,0.0,data/download_mnist/Images/image_229.png
230,7.0,data/download_mnist/Images/image_230.png
231,1.0,data/download_mnist/Images/image_231.png
232,0.0,data/download_mnist/Images/image_232.png
233,2.0,data/download_mnist/Images/image_233.png
234,0.0,data/download_mnist/Images/image_234.png
235,3.0,data/download_mnist/Images/image_235.png
236,5.0,data/download_mnist/Images/image_236.png
237,4.0,data/download_mnist/Images/image_237.png
238,6.0,data/download_mnist/Images/image_238.png
239,5.0,data/download_mnist/Images/image_239.png
240,8.0,data/download_mnist/Images/image_240.png
241,6.0,data/download_mnist/Images/image_241.png
242,3.0,data/download_mnist/Images/image_242.png
243,7.0,data/download_mnist/Images/image_243.png
244,5.0,data/download_mnist/Images/image_244.png
245,8.0,data/download_mnist/Images/image_245.png
246,0.0,data/download_mnist/Images/image_246.png
247,9.0,data/download_mnist/Images/image_247.png
248,1.0,data/download_mnist/Images/image_248.png
249,0.0,data/download_mnist/Images/image_249.png
250,3.0,data/download_mnist/Images/image_250.png
251,1.0,data/download_mnist/Images/image_251.png
252,2.0,data/download_mnist/Images/image_252.png
253,2.0,data/download_mnist/Images/image_253.png
254,3.0,data/download_mnist/Images/image_254.png
255,3.0,data/download_mnist/Images/image_255.png
256,6.0,data/download_mnist/Images/image_256.png
257,4.0,data/download_mnist/Images/image_257.png
258,7.0,data/download_mnist/Images/image_258.png
259,5.0,data/download_mnist/Images/image_259.png
260,0.0,data/download_mnist/Images/image_260.png
261,6.0,data/download_mnist/Images/image_261.png
262,2.0,data/download_mnist/Images/image_262.png
263,7.0,data/download_mnist/Images/image_263.png
264,9.0,data/download_mnist/Images/image_264.png
265,8.0,data/download_mnist/Images/image_265.png
266,5.0,data/download_mnist/Images/image_266.png
267,9.0,data/download_mnist/Images/image_267.png
268,2.0,data/download_mnist/Images/image_268.png
269,1.0,data/download_mnist/Images/image_269.png
270,1.0,data/download_mnist/Images/image_270.png
271,4.0,data/download_mnist/Images/image_271.png
272,4.0,data/download_mnist/Images/image_272.png
273,5.0,data/download_mnist/Images/image_273.png
274,6.0,data/download_mnist/Images/image_274.png
275,4.0,data/download_mnist/Images/image_275.png
276,1.0,data/download_mnist/Images/image_276.png
277,2.0,data/download_mnist/Images/image_277.png
278,5.0,data/download_mnist/Images/image_278.png
279,3.0,data/download_mnist/Images/image_279.png
280,9.0,data/download_mnist/Images/image_280.png
281,3.0,data/download_mnist/Images/image_281.png
282,9.0,data/download_mnist/Images/image_282.png
283,0.0,data/download_mnist/Images/image_283.png
284,5.0,data/download_mnist/Images/image_284.png
285,9.0,data/download_mnist/Images/image_285.png
286,6.0,data/download_mnist/Images/image_286.png
287,5.0,data/download_mnist/Images/image_287.png
288,7.0,data/download_mnist/Images/image_288.png
289,4.0,data/download_mnist/Images/image_289.png
290,1.0,data/download_mnist/Images/image_290.png
291,3.0,data/download_mnist/Images/image_291.png
292,4.0,data/download_mnist/Images/image_292.png
293,0.0,data/download_mnist/Images/image_293.png
294,4.0,data/download_mnist/Images/image_294.png
295,8.0,data/download_mnist/Images/image_295.png
296,0.0,data/download_mnist/Images/image_296.png
297,4.0,data/download_mnist/Images/image_297.png
298,3.0,data/download_mnist/Images/image_298.png
299,6.0,data/download_mnist/Images/image_299.png
300,8.0,data/download_mnist/Images/image_300.png
301,7.0,data/download_mnist/Images/image_301.png
302,6.0,data/download_mnist/Images/image_302.png
303,0.0,data/download_mnist/Images/image_303.png
304,9.0,data/download_mnist/Images/image_304.png
305,7.0,data/download_mnist/Images/image_305.png
306,5.0,data/download_mnist/Images/image_306.png
307,7.0,data/download_mnist/Images/image_307.png
308,2.0,data/download_mnist/Images/image_308.png
309,1.0,data/download_mnist/Images/image_309.png
310,1.0,data/download_mnist/Images/image_310.png
311,6.0,data/download_mnist/Images/image_311.png
312,8.0,data/download_mnist/Images/image_312.png
313,9.0,data/download_mnist/Images/image_313.png
314,4.0,data/download_mnist/Images/image_314.png
315,1.0,data/download_mnist/Images/image_315.png
316,5.0,data/download_mnist/Images/image_316.png
317,2.0,data/download_mnist/Images/image_317.png
318,2.0,data/download_mnist/Images/image_318.png
319,9.0,data/download_mnist/Images/image_319.png
320,0.0,data/download_mnist/Images/image_320.png
321,3.0,data/download_mnist/Images/image_321.png
322,9.0,data/download_mnist/Images/image_322.png
323,6.0,data/download_mnist/Images/image_323.png
324,7.0,data/download_mnist/Images/image_324.png
325,2.0,data/download_mnist/Images/image_325.png
326,0.0,data/download_mnist/Images/image_326.png
327,3.0,data/download_mnist/Images/image_327.png
328,5.0,data/download_mnist/Images/image_328.png
329,4.0,data/download_mnist/Images/image_329.png
330,3.0,data/download_mnist/Images/image_330.png
331,6.0,data/download_mnist/Images/image_331.png
332,5.0,data/download_mnist/Images/image_332.png
333,8.0,data/download_mnist/Images/image_333.png
334,9.0,data/download_mnist/Images/image_334.png
335,5.0,data/download_mnist/Images/image_335.png
336,4.0,data/download_mnist/Images/image_336.png
337,7.0,data/download_mnist/Images/image_337.png
338,4.0,data/download_mnist/Images/image_338.png
339,2.0,data/download_mnist/Images/image_339.png
340,7.0,data/download_mnist/Images/image_340.png
341,3.0,data/download_mnist/Images/image_341.png
342,4.0,data/download_mnist/Images/image_342.png
343,8.0,data/download_mnist/Images/image_343.png
344,9.0,data/download_mnist/Images/image_344.png
345,1.0,data/download_mnist/Images/image_345.png
346,9.0,data/download_mnist/Images/image_346.png
347,2.0,data/download_mnist/Images/image_347.png
348,8.0,data/download_mnist/Images/image_348.png
349,7.0,data/download_mnist/Images/image_349.png
350,9.0,data/download_mnist/Images/image_350.png
351,1.0,data/download_mnist/Images/image_351.png
352,8.0,data/download_mnist/Images/image_352.png
353,7.0,data/download_mnist/Images/image_353.png
354,4.0,data/download_mnist/Images/image_354.png
355,1.0,data/download_mnist/Images/image_355.png
356,3.0,data/download_mnist/Images/image_356.png
357,1.0,data/download_mnist/Images/image_357.png
358,1.0,data/download_mnist/Images/image_358.png
359,0.0,data/download_mnist/Images/image_359.png
360,2.0,data/download_mnist/Images/image_360.png
361,3.0,data/download_mnist/Images/image_361.png
362,9.0,data/download_mnist/Images/image_362.png
363,4.0,data/download_mnist/Images/image_363.png
364,9.0,data/download_mnist/Images/image_364.png
365,2.0,data/download_mnist/Images/image_365.png
366,1.0,data/download_mnist/Images/image_366.png
367,6.0,data/download_mnist/Images/image_367.png
368,8.0,data/download_mnist/Images/image_368.png
369,4.0,data/download_mnist/Images/image_369.png
370,7.0,data/download_mnist/Images/image_370.png
371,7.0,data/download_mnist/Images/image_371.png
372,4.0,data/download_mnist/Images/image_372.png
373,4.0,data/download_mnist/Images/image_373.png
374,9.0,data/download_mnist/Images/image_374.png
375,2.0,data/download_mnist/Images/image_375.png
376,5.0,data/download_mnist/Images/image_376.png
377,7.0,data/download_mnist/Images/image_377.png
378,2.0,data/download_mnist/Images/image_378.png
379,4.0,data/download_mnist/Images/image_379.png
380,4.0,data/download_mnist/Images/image_380.png
381,2.0,data/download_mnist/Images/image_381.png
382,1.0,data/download_mnist/Images/image_382.png
383,9.0,data/download_mnist/Images/image_383.png
384,7.0,data/download_mnist/Images/image_384.png
385,2.0,data/download_mnist/Images/image_385.png
386,8.0,data/download_mnist/Images/image_386.png
387,7.0,data/download_mnist/Images/image_387.png
388,6.0,data/download_mnist/Images/image_388.png
389,9.0,data/download_mnist/Images/image_389.png
390,2.0,data/download_mnist/Images/image_390.png
391,2.0,data/download_mnist/Images/image_391.png
392,3.0,data/download_mnist/Images/image_392.png
393,8.0,data/download_mnist/Images/image_393.png
394,1.0,data/download_mnist/Images/image_394.png
395,6.0,data/download_mnist/Images/image_395.png
396,5.0,data/download_mnist/Images/image_396.png
397,1.0,data/download_mnist/Images/image_397.png
398,1.0,data/download_mnist/Images/image_398.png
399,0.0,data/download_mnist/Images/image_399.png
400,2.0,data/download_mnist/Images/image_400.png
401,6.0,data/download_mnist/Images/image_401.png
402,4.0,data/download_mnist/Images/image_402.png
403,5.0,data/download_mnist/Images/image_403.png
404,8.0,data/download_mnist/Images/image_404.png
405,3.0,data/download_mnist/Images/image_405.png
406,1.0,data/download_mnist/Images/image_406.png
407,5.0,data/download_mnist/Images/image_407.png
408,1.0,data/download_mnist/Images/image_408.png
409,9.0,data/download_mnist/Images/image_409.png
410,2.0,data/download_mnist/Images/image_410.png
411,7.0,data/download_mnist/Images/image_411.png
412,4.0,data/download_mnist/Images/image_412.png
413,4.0,data/download_mnist/Images/image_413.png
414,4.0,data/download_mnist/Images/image_414.png
415,8.0,data/download_mnist/Images/image_415.png
416,1.0,data/download_mnist/Images/image_416.png
417,5.0,data/download_mnist/Images/image_417.png
418,8.0,data/download_mnist/Images/image_418.png
419,9.0,data/download_mnist/Images/image_419.png
420,5.0,data/download_mnist/Images/image_420.png
421,6.0,data/download_mnist/Images/image_421.png
422,7.0,data/download_mnist/Images/image_422.png
423,9.0,data/download_mnist/Images/image_423.png
424,9.0,data/download_mnist/Images/image_424.png
425,3.0,data/download_mnist/Images/image_425.png
426,7.0,data/download_mnist/Images/image_426.png
427,0.0,data/download_mnist/Images/image_427.png
428,9.0,data/download_mnist/Images/image_428.png
429,0.0,data/download_mnist/Images/image_429.png
430,6.0,data/download_mnist/Images/image_430.png
431,6.0,data/download_mnist/Images/image_431.png
432,2.0,data/download_mnist/Images/image_432.png
433,3.0,data/download_mnist/Images/image_433.png
434,9.0,data/download_mnist/Images/image_434.png
435,0.0,data/download_mnist/Images/image_435.png
436,7.0,data/download_mnist/Images/image_436.png
437,5.0,data/download_mnist/Images/image_437.png
438,4.0,data/download_mnist/Images/image_438.png
439,8.0,data/download_mnist/Images/image_439.png
440,0.0,data/download_mnist/Images/image_440.png
441,9.0,data/download_mnist/Images/image_441.png
442,4.0,data/download_mnist/Images/image_442.png
443,1.0,data/download_mnist/Images/image_443.png
444,2.0,data/download_mnist/Images/image_444.png
445,8.0,data/download_mnist/Images/image_445.png
446,7.0,data/download_mnist/Images/image_446.png
447,1.0,data/download_mnist/Images/image_447.png
448,2.0,data/download_mnist/Images/image_448.png
449,6.0,data/download_mnist/Images/image_449.png
450,1.0,data/download_mnist/Images/image_450.png
451,0.0,data/download_mnist/Images/image_451.png
452,3.0,data/download_mnist/Images/image_452.png
453,0.0,data/download_mnist/Images/image_453.png
454,1.0,data/download_mnist/Images/image_454.png
455,1.0,data/download_mnist/Images/image_455.png
456,8.0,data/download_mnist/Images/image_456.png
457,2.0,data/download_mnist/Images/image_457.png
458,0.0,data/download_mnist/Images/image_458.png
459,3.0,data/download_mnist/Images/image_459.png
460,9.0,data/download_mnist/Images/image_460.png
461,4.0,data/download_mnist/Images/image_461.png
462,0.0,data/download_mnist/Images/image_462.png
463,5.0,data/download_mnist/Images/image_463.png
464,0.0,data/download_mnist/Images/image_464.png
465,6.0,data/download_mnist/Images/image_465.png
466,1.0,data/download_mnist/Images/image_466.png
467,7.0,data/download_mnist/Images/image_467.png
468,7.0,data/download_mnist/Images/image_468.png
469,8.0,data/download_mnist/Images/image_469.png
470,1.0,data/download_mnist/Images/image_470.png
471,9.0,data/download_mnist/Images/image_471.png
472,2.0,data/download_mnist/Images/image_472.png
473,0.0,data/download_mnist/Images/image_473.png
474,5.0,data/download_mnist/Images/image_474.png
475,1.0,data/download_mnist/Images/image_475.png
476,2.0,data/download_mnist/Images/image_476.png
477,2.0,data/download_mnist/Images/image_477.png
478,7.0,data/download_mnist/Images/image_478.png
479,3.0,data/download_mnist/Images/image_479.png
480,5.0,data/download_mnist/Images/image_480.png
481,4.0,data/download_mnist/Images/image_481.png
482,9.0,data/download_mnist/Images/image_482.png
483,7.0,data/download_mnist/Images/image_483.png
484,1.0,data/download_mnist/Images/image_484.png
485,8.0,data/download_mnist/Images/image_485.png
486,3.0,data/download_mnist/Images/image_486.png
487,9.0,data/download_mnist/Images/image_487.png
488,6.0,data/download_mnist/Images/image_488.png
489,0.0,data/download_mnist/Images/image_489.png
490,3.0,data/download_mnist/Images/image_490.png
491,1.0,data/download_mnist/Images/image_491.png
492,1.0,data/download_mnist/Images/image_492.png
493,2.0,data/download_mnist/Images/image_493.png
494,6.0,data/download_mnist/Images/image_494.png
495,3.0,data/download_mnist/Images/image_495.png
496,5.0,data/download_mnist/Images/image_496.png
497,7.0,data/download_mnist/Images/image_497.png
498,6.0,data/download_mnist/Images/image_498.png
499,8.0,data/download_mnist/Images/image_499.png
500,3.0,data/download_mnist/Images/image_500.png
501,9.0,data/download_mnist/Images/image_501.png
502,5.0,data/download_mnist/Images/image_502.png
503,8.0,data/download_mnist/Images/image_503.png
504,5.0,data/download_mnist/Images/image_504.png
505,7.0,data/download_mnist/Images/image_505.png
506,6.0,data/download_mnist/Images/image_506.png
507,1.0,data/download_mnist/Images/image_507.png
508,1.0,data/download_mnist/Images/image_508.png
509,3.0,data/download_mnist/Images/image_509.png
510,1.0,data/download_mnist/Images/image_510.png
511,7.0,data/download_mnist/Images/image_511.png
512,5.0,data/download_mnist/Images/image_512.png
513,5.0,data/download_mnist/Images/image_513.png
514,5.0,data/download_mnist/Images/image_514.png
515,2.0,data/download_mnist/Images/image_515.png
516,5.0,data/download_mnist/Images/image_516.png
517,8.0,data/download_mnist/Images/image_517.png
518,7.0,data/download_mnist/Images/image_518.png
519,0.0,data/download_mnist/Images/image_519.png
520,9.0,data/download_mnist/Images/image_520.png
521,7.0,data/download_mnist/Images/image_521.png
522,7.0,data/download_mnist/Images/image_522.png
523,5.0,data/download_mnist/Images/image_523.png
524,0.0,data/download_mnist/Images/image_524.png
525,9.0,data/download_mnist/Images/image_525.png
526,0.0,data/download_mnist/Images/image_526.png
527,0.0,data/download_mnist/Images/image_527.png
528,8.0,data/download_mnist/Images/image_528.png
529,9.0,data/download_mnist/Images/image_529.png
530,2.0,data/download_mnist/Images/image_530.png
531,4.0,data/download_mnist/Images/image_531.png
532,8.0,data/download_mnist/Images/image_532.png
533,1.0,data/download_mnist/Images/image_533.png
534,6.0,data/download_mnist/Images/image_534.png
535,1.0,data/download_mnist/Images/image_535.png
536,6.0,data/download_mnist/Images/image_536.png
537,5.0,data/download_mnist/Images/image_537.png
538,1.0,data/download_mnist/Images/image_538.png
539,8.0,data/download_mnist/Images/image_539.png
540,3.0,data/download_mnist/Images/image_540.png
541,4.0,data/download_mnist/Images/image_541.png
542,0.0,data/download_mnist/Images/image_542.png
543,5.0,data/download_mnist/Images/image_543.png
544,5.0,data/download_mnist/Images/image_544.png
545,8.0,data/download_mnist/Images/image_545.png
546,3.0,data/download_mnist/Images/image_546.png
547,6.0,data/download_mnist/Images/image_547.png
548,2.0,data/download_mnist/Images/image_548.png
549,3.0,data/download_mnist/Images/image_549.png
550,9.0,data/download_mnist/Images/image_550.png
551,2.0,data/download_mnist/Images/image_551.png
552,1.0,data/download_mnist/Images/image_552.png
553,1.0,data/download_mnist/Images/image_553.png
554,5.0,data/download_mnist/Images/image_554.png
555,2.0,data/download_mnist/Images/image_555.png
556,1.0,data/download_mnist/Images/image_556.png
557,3.0,data/download_mnist/Images/image_557.png
558,2.0,data/download_mnist/Images/image_558.png
559,8.0,data/download_mnist/Images/image_559.png
560,7.0,data/download_mnist/Images/image_560.png
561,3.0,data/download_mnist/Images/image_561.png
562,7.0,data/download_mnist/Images/image_562.png
563,2.0,data/download_mnist/Images/image_563.png
564,4.0,data/download_mnist/Images/image_564.png
565,6.0,data/download_mnist/Images/image_565.png
566,9.0,data/download_mnist/Images/image_566.png
567,7.0,data/download_mnist/Images/image_567.png
568,2.0,data/download_mnist/Images/image_568.png
569,4.0,data/download_mnist/Images/image_569.png
570,2.0,data/download_mnist/Images/image_570.png
571,8.0,data/download_mnist/Images/image_571.png
572,1.0,data/download_mnist/Images/image_572.png
573,1.0,data/download_mnist/Images/image_573.png
574,3.0,data/download_mnist/Images/image_574.png
575,8.0,data/download_mnist/Images/image_575.png
576,4.0,data/download_mnist/Images/image_576.png
577,0.0,data/download_mnist/Images/image_577.png
578,6.0,data/download_mnist/Images/image_578.png
579,5.0,data/download_mnist/Images/image_579.png
580,9.0,data/download_mnist/Images/image_580.png
581,3.0,data/download_mnist/Images/image_581.png
582,0.0,data/download_mnist/Images/image_582.png
583,9.0,data/download_mnist/Images/image_583.png
584,2.0,data/download_mnist/Images/image_584.png
585,4.0,data/download_mnist/Images/image_585.png
586,7.0,data/download_mnist/Images/image_586.png
587,1.0,data/download_mnist/Images/image_587.png
588,2.0,data/download_mnist/Images/image_588.png
589,9.0,data/download_mnist/Images/image_589.png
590,4.0,data/download_mnist/Images/image_590.png
591,2.0,data/download_mnist/Images/image_591.png
592,6.0,data/download_mnist/Images/image_592.png
593,1.0,data/download_mnist/Images/image_593.png
594,8.0,data/download_mnist/Images/image_594.png
595,9.0,data/download_mnist/Images/image_595.png
596,0.0,data/download_mnist/Images/image_596.png
597,6.0,data/download_mnist/Images/image_597.png
598,6.0,data/download_mnist/Images/image_598.png
599,7.0,data/download_mnist/Images/image_599.png
600,9.0,data/download_mnist/Images/image_600.png
601,9.0,data/download_mnist/Images/image_601.png
602,8.0,data/download_mnist/Images/image_602.png
603,0.0,data/download_mnist/Images/image_603.png
604,1.0,data/download_mnist/Images/image_604.png
605,4.0,data/download_mnist/Images/image_605.png
606,4.0,data/download_mnist/Images/image_606.png
607,6.0,data/download_mnist/Images/image_607.png
608,7.0,data/download_mnist/Images/image_608.png
609,1.0,data/download_mnist/Images/image_609.png
610,5.0,data/download_mnist/Images/image_610.png
611,7.0,data/download_mnist/Images/image_611.png
612,0.0,data/download_mnist/Images/image_612.png
613,3.0,data/download_mnist/Images/image_613.png
614,5.0,data/download_mnist/Images/image_614.png
615,8.0,data/download_mnist/Images/image_615.png
616,4.0,data/download_mnist/Images/image_616.png
617,7.0,data/download_mnist/Images/image_617.png
618,1.0,data/download_mnist/Images/image_618.png
619,2.0,data/download_mnist/Images/image_619.png
620,5.0,data/download_mnist/Images/image_620.png
621,9.0,data/download_mnist/Images/image_621.png
622,5.0,data/download_mnist/Images/image_622.png
623,6.0,data/download_mnist/Images/image_623.png
624,7.0,data/download_mnist/Images/image_624.png
625,5.0,data/download_mnist/Images/image_625.png
626,9.0,data/download_mnist/Images/image_626.png
627,8.0,data/download_mnist/Images/image_627.png
628,8.0,data/download_mnist/Images/image_628.png
629,3.0,data/download_mnist/Images/image_629.png
630,6.0,data/download_mnist/Images/image_630.png
631,9.0,data/download_mnist/Images/image_631.png
632,7.0,data/download_mnist/Images/image_632.png
633,0.0,data/download_mnist/Images/image_633.png
634,7.0,data/download_mnist/Images/image_634.png
635,5.0,data/download_mnist/Images/image_635.png
636,7.0,data/download_mnist/Images/image_636.png
637,1.0,data/download_mnist/Images/image_637.png
638,1.0,data/download_mnist/Images/image_638.png
639,0.0,data/download_mnist/Images/image_639.png
640,7.0,data/download_mnist/Images/image_640.png
641,9.0,data/download_mnist/Images/image_641.png
642,2.0,data/download_mnist/Images/image_642.png
643,3.0,data/download_mnist/Images/image_643.png
644,7.0,data/download_mnist/Images/image_644.png
645,3.0,data/download_mnist/Images/image_645.png
646,2.0,data/download_mnist/Images/image_646.png
647,4.0,data/download_mnist/Images/image_647.png
648,1.0,data/download_mnist/Images/image_648.png
649,6.0,data/download_mnist/Images/image_649.png
650,2.0,data/download_mnist/Images/image_650.png
651,7.0,data/download_mnist/Images/image_651.png
652,5.0,data/download_mnist/Images/image_652.png
653,5.0,data/download_mnist/Images/image_653.png
654,7.0,data/download_mnist/Images/image_654.png
655,4.0,data/download_mnist/Images/image_655.png
656,0.0,data/download_mnist/Images/image_656.png
657,2.0,data/download_mnist/Images/image_657.png
658,6.0,data/download_mnist/Images/image_658.png
659,3.0,data/download_mnist/Images/image_659.png
660,6.0,data/download_mnist/Images/image_660.png
661,4.0,data/download_mnist/Images/image_661.png
662,0.0,data/download_mnist/Images/image_662.png
663,4.0,data/download_mnist/Images/image_663.png
664,2.0,data/download_mnist/Images/image_664.png
665,6.0,data/download_mnist/Images/image_665.png
666,0.0,data/download_mnist/Images/image_666.png
667,0.0,data/download_mnist/Images/image_667.png
668,0.0,data/download_mnist/Images/image_668.png
669,0.0,data/download_mnist/Images/image_669.png
670,3.0,data/download_mnist/Images/image_670.png
671,1.0,data/download_mnist/Images/image_671.png
672,6.0,data/download_mnist/Images/image_672.png
673,2.0,data/download_mnist/Images/image_673.png
674,2.0,data/download_mnist/Images/image_674.png
675,3.0,data/download_mnist/Images/image_675.png
676,1.0,data/download_mnist/Images/image_676.png
677,4.0,data/download_mnist/Images/image_677.png
678,1.0,data/download_mnist/Images/image_678.png
679,5.0,data/download_mnist/Images/image_679.png
680,4.0,data/download_mnist/Images/image_680.png
681,6.0,data/download_mnist/Images/image_681.png
682,4.0,data/download_mnist/Images/image_682.png
683,7.0,data/download_mnist/Images/image_683.png
684,2.0,data/download_mnist/Images/image_684.png
685,8.0,data/download_mnist/Images/image_685.png
686,7.0,data/download_mnist/Images/image_686.png
687,9.0,data/download_mnist/Images/image_687.png
688,2.0,data/download_mnist/Images/image_688.png
689,0.0,data/download_mnist/Images/image_689.png
690,5.0,data/download_mnist/Images/image_690.png
691,1.0,data/download_mnist/Images/image_691.png
692,4.0,data/download_mnist/Images/image_692.png
693,2.0,data/download_mnist/Images/image_693.png
694,8.0,data/download_mnist/Images/image_694.png
695,3.0,data/download_mnist/Images/image_695.png
696,2.0,data/download_mnist/Images/image_696.png
697,4.0,data/download_mnist/Images/image_697.png
698,1.0,data/download_mnist/Images/image_698.png
699,5.0,data/download_mnist/Images/image_699.png
700,4.0,data/download_mnist/Images/image_700.png
701,6.0,data/download_mnist/Images/image_701.png
702,0.0,data/download_mnist/Images/image_702.png
703,7.0,data/download_mnist/Images/image_703.png
704,9.0,data/download_mnist/Images/image_704.png
705,8.0,data/download_mnist/Images/image_705.png
706,4.0,data/download_mnist/Images/image_706.png
707,9.0,data/download_mnist/Images/image_707.png
708,8.0,data/download_mnist/Images/image_708.png
709,0.0,data/download_mnist/Images/image_709.png
710,1.0,data/download_mnist/Images/image_710.png
711,1.0,data/download_mnist/Images/image_711.png
712,0.0,data/download_mnist/Images/image_712.png
713,2.0,data/download_mnist/Images/image_713.png
714,2.0,data/download_mnist/Images/image_714.png
715,3.0,data/download_mnist/Images/image_715.png
716,2.0,data/download_mnist/Images/image_716.png
717,4.0,data/download_mnist/Images/image_717.png
718,4.0,data/download_mnist/Images/image_718.png
719,5.0,data/download_mnist/Images/image_719.png
720,8.0,data/download_mnist/Images/image_720.png
721,6.0,data/download_mnist/Images/image_721.png
722,5.0,data/download_mnist/Images/image_722.png
723,7.0,data/download_mnist/Images/image_723.png
724,7.0,data/download_mnist/Images/image_724.png
725,8.0,data/download_mnist/Images/image_725.png
726,8.0,data/download_mnist/Images/image_726.png
727,9.0,data/download_mnist/Images/image_727.png
728,7.0,data/download_mnist/Images/image_728.png
729,4.0,data/download_mnist/Images/image_729.png
730,7.0,data/download_mnist/Images/image_730.png
731,3.0,data/download_mnist/Images/image_731.png
732,2.0,data/download_mnist/Images/image_732.png
733,0.0,data/download_mnist/Images/image_733.png
734,8.0,data/download_mnist/Images/image_734.png
735,6.0,data/download_mnist/Images/image_735.png
736,8.0,data/download_mnist/Images/image_736.png
737,6.0,data/download_mnist/Images/image_737.png
738,1.0,data/download_mnist/Images/image_738.png
739,6.0,data/download_mnist/Images/image_739.png
740,8.0,data/download_mnist/Images/image_740.png
741,9.0,data/download_mnist/Images/image_741.png
742,4.0,data/download_mnist/Images/image_742.png
743,0.0,data/download_mnist/Images/image_743.png
744,9.0,data/download_mnist/Images/image_744.png
745,0.0,data/download_mnist/Images/image_745.png
746,4.0,data/download_mnist/Images/image_746.png
747,1.0,data/download_mnist/Images/image_747.png
748,5.0,data/download_mnist/Images/image_748.png
749,4.0,data/download_mnist/Images/image_749.png
750,7.0,data/download_mnist/Images/image_750.png
751,5.0,data/download_mnist/Images/image_751.png
752,3.0,data/download_mnist/Images/image_752.png
753,7.0,data/download_mnist/Images/image_753.png
754,4.0,data/download_mnist/Images/image_754.png
755,9.0,data/download_mnist/Images/image_755.png
756,8.0,data/download_mnist/Images/image_756.png
757,5.0,data/download_mnist/Images/image_757.png
758,8.0,data/download_mnist/Images/image_758.png
759,6.0,data/download_mnist/Images/image_759.png
760,3.0,data/download_mnist/Images/image_760.png
761,8.0,data/download_mnist/Images/image_761.png
762,6.0,data/download_mnist/Images/image_762.png
763,9.0,data/download_mnist/Images/image_763.png
764,9.0,data/download_mnist/Images/image_764.png
765,1.0,data/download_mnist/Images/image_765.png
766,8.0,data/download_mnist/Images/image_766.png
767,3.0,data/download_mnist/Images/image_767.png
768,5.0,data/download_mnist/Images/image_768.png
769,8.0,data/download_mnist/Images/image_769.png
770,6.0,data/download_mnist/Images/image_770.png
771,5.0,data/download_mnist/Images/image_771.png
772,9.0,data/download_mnist/Images/image_772.png
773,7.0,data/download_mnist/Images/image_773.png
774,2.0,data/download_mnist/Images/image_774.png
775,5.0,data/download_mnist/Images/image_775.png
776,0.0,data/download_mnist/Images/image_776.png
777,8.0,data/download_mnist/Images/image_777.png
778,5.0,data/download_mnist/Images/image_778.png
779,1.0,data/download_mnist/Images/image_779.png
780,1.0,data/download_mnist/Images/image_780.png
781,0.0,data/download_mnist/Images/image_781.png
782,9.0,data/download_mnist/Images/image_782.png
783,1.0,data/download_mnist/Images/image_783.png
784,8.0,data/download_mnist/Images/image_784.png
785,6.0,data/download_mnist/Images/image_785.png
786,7.0,data/download_mnist/Images/image_786.png
787,0.0,data/download_mnist/Images/image_787.png
788,9.0,data/download_mnist/Images/image_788.png
789,3.0,data/download_mnist/Images/image_789.png
790,0.0,data/download_mnist/Images/image_790.png
791,8.0,data/download_mnist/Images/image_791.png
792,8.0,data/download_mnist/Images/image_792.png
793,9.0,data/download_mnist/Images/image_793.png
794,6.0,data/download_mnist/Images/image_794.png
795,7.0,data/download_mnist/Images/image_795.png
796,8.0,data/download_mnist/Images/image_796.png
797,4.0,data/download_mnist/Images/image_797.png
798,7.0,data/download_mnist/Images/image_798.png
799,5.0,data/download_mnist/Images/image_799.png
800,9.0,data/download_mnist/Images/image_800.png
801,2.0,data/download_mnist/Images/image_801.png
802,6.0,data/download_mnist/Images/image_802.png
803,7.0,data/download_mnist/Images/image_803.png
804,4.0,data/download_mnist/Images/image_804.png
805,5.0,data/download_mnist/Images/image_805.png
806,9.0,data/download_mnist/Images/image_806.png
807,2.0,data/download_mnist/Images/image_807.png
808,3.0,data/download_mnist/Images/image_808.png
809,1.0,data/download_mnist/Images/image_809.png
810,6.0,data/download_mnist/Images/image_810.png
811,3.0,data/download_mnist/Images/image_811.png
812,9.0,data/download_mnist/Images/image_812.png
813,2.0,data/download_mnist/Images/image_813.png
814,2.0,data/download_mnist/Images/image_814.png
815,5.0,data/download_mnist/Images/image_815.png
816,6.0,data/download_mnist/Images/image_816.png
817,8.0,data/download_mnist/Images/image_817.png
818,0.0,data/download_mnist/Images/image_818.png
819,7.0,data/download_mnist/Images/image_819.png
820,7.0,data/download_mnist/Images/image_820.png
821,1.0,data/download_mnist/Images/image_821.png
822,9.0,data/download_mnist/Images/image_822.png
823,8.0,data/download_mnist/Images/image_823.png
824,7.0,data/download_mnist/Images/image_824.png
825,0.0,data/download_mnist/Images/image_825.png
826,9.0,data/download_mnist/Images/image_826.png
827,9.0,data/download_mnist/Images/image_827.png
828,4.0,data/download_mnist/Images/image_828.png
829,6.0,data/download_mnist/Images/image_829.png
830,2.0,data/download_mnist/Images/image_830.png
831,8.0,data/download_mnist/Images/image_831.png
832,5.0,data/download_mnist/Images/image_832.png
833,1.0,data/download_mnist/Images/image_833.png
834,4.0,data/download_mnist/Images/image_834.png
835,1.0,data/download_mnist/Images/image_835.png
836,5.0,data/download_mnist/Images/image_836.png
837,5.0,data/download_mnist/Images/image_837.png
838,1.0,data/download_mnist/Images/image_838.png
839,7.0,data/download_mnist/Images/image_839.png
840,3.0,data/download_mnist/Images/image_840.png
841,6.0,data/download_mnist/Images/image_841.png
842,4.0,data/download_mnist/Images/image_842.png
843,3.0,data/download_mnist/Images/image_843.png
844,2.0,data/download_mnist/Images/image_844.png
845,5.0,data/download_mnist/Images/image_845.png
846,6.0,data/download_mnist/Images/image_846.png
847,4.0,data/download_mnist/Images/image_847.png
848,4.0,data/download_mnist/Images/image_848.png
849,0.0,data/download_mnist/Images/image_849.png
850,4.0,data/download_mnist/Images/image_850.png
851,4.0,data/download_mnist/Images/image_851.png
852,6.0,data/download_mnist/Images/image_852.png
853,7.0,data/download_mnist/Images/image_853.png
854,2.0,data/download_mnist/Images/image_854.png
855,4.0,data/download_mnist/Images/image_855.png
856,3.0,data/download_mnist/Images/image_856.png
857,3.0,data/download_mnist/Images/image_857.png
858,8.0,data/download_mnist/Images/image_858.png
859,0.0,data/download_mnist/Images/image_859.png
860,0.0,data/download_mnist/Images/image_860.png
861,3.0,data/download_mnist/Images/image_861.png
862,2.0,data/download_mnist/Images/image_862.png
863,2.0,data/download_mnist/Images/image_863.png
864,9.0,data/download_mnist/Images/image_864.png
865,8.0,data/download_mnist/Images/image_865.png
866,2.0,data/download_mnist/Images/image_866.png
867,3.0,data/download_mnist/Images/image_867.png
868,7.0,data/download_mnist/Images/image_868.png
869,0.0,data/download_mnist/Images/image_869.png
870,1.0,data/download_mnist/Images/image_870.png
871,1.0,data/download_mnist/Images/image_871.png
872,0.0,data/download_mnist/Images/image_872.png
873,2.0,data/download_mnist/Images/image_873.png
874,3.0,data/download_mnist/Images/image_874.png
875,3.0,data/download_mnist/Images/image_875.png
876,8.0,data/download_mnist/Images/image_876.png
877,4.0,data/download_mnist/Images/image_877.png
878,3.0,data/download_mnist/Images/image_878.png
879,5.0,data/download_mnist/Images/image_879.png
880,7.0,data/download_mnist/Images/image_880.png
881,6.0,data/download_mnist/Images/image_881.png
882,4.0,data/download_mnist/Images/image_882.png
883,7.0,data/download_mnist/Images/image_883.png
884,7.0,data/download_mnist/Images/image_884.png
885,8.0,data/download_mnist/Images/image_885.png
886,5.0,data/download_mnist/Images/image_886.png
887,9.0,data/download_mnist/Images/image_887.png
888,7.0,data/download_mnist/Images/image_888.png
889,0.0,data/download_mnist/Images/image_889.png
890,3.0,data/download_mnist/Images/image_890.png
891,1.0,data/download_mnist/Images/image_891.png
892,6.0,data/download_mnist/Images/image_892.png
893,2.0,data/download_mnist/Images/image_893.png
894,4.0,data/download_mnist/Images/image_894.png
895,3.0,data/download_mnist/Images/image_895.png
896,4.0,data/download_mnist/Images/image_896.png
897,4.0,data/download_mnist/Images/image_897.png
898,7.0,data/download_mnist/Images/image_898.png
899,5.0,data/download_mnist/Images/image_899.png
900,9.0,data/download_mnist/Images/image_900.png
901,6.0,data/download_mnist/Images/image_901.png
902,9.0,data/download_mnist/Images/image_902.png
903,0.0,data/download_mnist/Images/image_903.png
904,7.0,data/download_mnist/Images/image_904.png
905,1.0,data/download_mnist/Images/image_905.png
906,4.0,data/download_mnist/Images/image_906.png
907,2.0,data/download_mnist/Images/image_907.png
908,7.0,data/download_mnist/Images/image_908.png
909,3.0,data/download_mnist/Images/image_909.png
910,6.0,data/download_mnist/Images/image_910.png
911,7.0,data/download_mnist/Images/image_911.png
912,5.0,data/download_mnist/Images/image_912.png
913,8.0,data/download_mnist/Images/image_913.png
914,4.0,data/download_mnist/Images/image_914.png
915,5.0,data/download_mnist/Images/image_915.png
916,5.0,data/download_mnist/Images/image_916.png
917,2.0,data/download_mnist/Images/image_917.png
918,7.0,data/download_mnist/Images/image_918.png
919,1.0,data/download_mnist/Images/image_919.png
920,1.0,data/download_mnist/Images/image_920.png
921,5.0,data/download_mnist/Images/image_921.png
922,6.0,data/download_mnist/Images/image_922.png
923,8.0,data/download_mnist/Images/image_923.png
924,5.0,data/download_mnist/Images/image_924.png
925,8.0,data/download_mnist/Images/image_925.png
926,4.0,data/download_mnist/Images/image_926.png
927,0.0,data/download_mnist/Images/image_927.png
928,7.0,data/download_mnist/Images/image_928.png
929,9.0,data/download_mnist/Images/image_929.png
930,9.0,data/download_mnist/Images/image_930.png
931,2.0,data/download_mnist/Images/image_931.png
932,9.0,data/download_mnist/Images/image_932.png
933,7.0,data/download_mnist/Images/image_933.png
934,7.0,data/download_mnist/Images/image_934.png
935,8.0,data/download_mnist/Images/image_935.png
936,7.0,data/download_mnist/Images/image_936.png
937,4.0,data/download_mnist/Images/image_937.png
938,2.0,data/download_mnist/Images/image_938.png
939,6.0,data/download_mnist/Images/image_939.png
940,9.0,data/download_mnist/Images/image_940.png
941,1.0,data/download_mnist/Images/image_941.png
942,7.0,data/download_mnist/Images/image_942.png
943,0.0,data/download_mnist/Images/image_943.png
944,6.0,data/download_mnist/Images/image_944.png
945,4.0,data/download_mnist/Images/image_945.png
946,2.0,data/download_mnist/Images/image_946.png
947,5.0,data/download_mnist/Images/image_947.png
948,7.0,data/download_mnist/Images/image_948.png
949,0.0,data/download_mnist/Images/image_949.png
950,7.0,data/download_mnist/Images/image_950.png
951,1.0,data/download_mnist/Images/image_951.png
952,0.0,data/download_mnist/Images/image_952.png
953,3.0,data/download_mnist/Images/image_953.png
954,7.0,data/download_mnist/Images/image_954.png
955,6.0,data/download_mnist/Images/image_955.png
956,5.0,data/download_mnist/Images/image_956.png
957,0.0,data/download_mnist/Images/image_957.png
958,6.0,data/download_mnist/Images/image_958.png
959,1.0,data/download_mnist/Images/image_959.png
960,5.0,data/download_mnist/Images/image_960.png
961,1.0,data/download_mnist/Images/image_961.png
962,7.0,data/download_mnist/Images/image_962.png
963,8.0,data/download_mnist/Images/image_963.png
964,5.0,data/download_mnist/Images/image_964.png
965,0.0,data/download_mnist/Images/image_965.png
966,3.0,data/download_mnist/Images/image_966.png
967,4.0,data/download_mnist/Images/image_967.png
968,7.0,data/download_mnist/Images/image_968.png
969,7.0,data/download_mnist/Images/image_969.png
970,5.0,data/download_mnist/Images/image_970.png
971,7.0,data/download_mnist/Images/image_971.png
972,8.0,data/download_mnist/Images/image_972.png
973,6.0,data/download_mnist/Images/image_973.png
974,9.0,data/download_mnist/Images/image_974.png
975,3.0,data/download_mnist/Images/image_975.png
976,8.0,data/download_mnist/Images/image_976.png
977,6.0,data/download_mnist/Images/image_977.png
978,1.0,data/download_mnist/Images/image_978.png
979,0.0,data/download_mnist/Images/image_979.png
980,9.0,data/download_mnist/Images/image_980.png
981,7.0,data/download_mnist/Images/image_981.png
982,1.0,data/download_mnist/Images/image_982.png
983,3.0,data/download_mnist/Images/image_983.png
984,0.0,data/download_mnist/Images/image_984.png
985,5.0,data/download_mnist/Images/image_985.png
986,6.0,data/download_mnist/Images/image_986.png
987,4.0,data/download_mnist/Images/image_987.png
988,4.0,data/download_mnist/Images/image_988.png
989,2.0,data/download_mnist/Images/image_989.png
990,4.0,data/download_mnist/Images/image_990.png
991,4.0,data/download_mnist/Images/image_991.png
992,3.0,data/download_mnist/Images/image_992.png
993,1.0,data/download_mnist/Images/image_993.png
994,7.0,data/download_mnist/Images/image_994.png
995,7.0,data/download_mnist/Images/image_995.png
996,6.0,data/download_mnist/Images/image_996.png
997,0.0,data/download_mnist/Images/image_997.png
998,3.0,data/download_mnist/Images/image_998.png
999,6.0,data/download_mnist/Images/image_999.png
