Labels,Paths
[5.0],data/preprocess/Images/image_0.png
[0.0],data/preprocess/Images/image_1.png
[4.0],data/preprocess/Images/image_2.png
[1.0],data/preprocess/Images/image_3.png
[9.0],data/preprocess/Images/image_4.png
[2.0],data/preprocess/Images/image_5.png
[1.0],data/preprocess/Images/image_6.png
[3.0],data/preprocess/Images/image_7.png
[4.0],data/preprocess/Images/image_9.png
[3.0],data/preprocess/Images/image_10.png
[5.0],data/preprocess/Images/image_11.png
[3.0],data/preprocess/Images/image_12.png
[7.0],data/preprocess/Images/image_15.png
[2.0],data/preprocess/Images/image_16.png
[8.0],data/preprocess/Images/image_17.png
[6.0],data/preprocess/Images/image_18.png
[9.0],data/preprocess/Images/image_19.png
[0.0],data/preprocess/Images/image_21.png
[9.0],data/preprocess/Images/image_22.png
[1.0],data/preprocess/Images/image_23.png
[2.0],data/preprocess/Images/image_28.png
[7.0],data/preprocess/Images/image_29.png
[3.0],data/preprocess/Images/image_30.png
[6.0],data/preprocess/Images/image_32.png
[9.0],data/preprocess/Images/image_33.png
[0.0],data/preprocess/Images/image_34.png
[5.0],data/preprocess/Images/image_35.png
[6.0],data/preprocess/Images/image_36.png
[0.0],data/preprocess/Images/image_37.png
[7.0],data/preprocess/Images/image_38.png
[6.0],data/preprocess/Images/image_39.png
[1.0],data/preprocess/Images/image_40.png
[8.0],data/preprocess/Images/image_41.png
[7.0],data/preprocess/Images/image_42.png
[9.0],data/preprocess/Images/image_43.png
[3.0],data/preprocess/Images/image_44.png
[9.0],data/preprocess/Images/image_45.png
[8.0],data/preprocess/Images/image_46.png
[5.0],data/preprocess/Images/image_47.png
[9.0],data/preprocess/Images/image_48.png
[3.0],data/preprocess/Images/image_49.png
[3.0],data/preprocess/Images/image_50.png
[0.0],data/preprocess/Images/image_51.png
[7.0],data/preprocess/Images/image_52.png
[9.0],data/preprocess/Images/image_54.png
[8.0],data/preprocess/Images/image_55.png
[0.0],data/preprocess/Images/image_56.png
[9.0],data/preprocess/Images/image_57.png
[4.0],data/preprocess/Images/image_58.png
[4.0],data/preprocess/Images/image_61.png
[6.0],data/preprocess/Images/image_62.png
[5.0],data/preprocess/Images/image_65.png
[6.0],data/preprocess/Images/image_66.png
[1.0],data/preprocess/Images/image_67.png
[0.0],data/preprocess/Images/image_69.png
[1.0],data/preprocess/Images/image_70.png
[7.0],data/preprocess/Images/image_71.png
[1.0],data/preprocess/Images/image_72.png
[6.0],data/preprocess/Images/image_73.png
[1.0],data/preprocess/Images/image_77.png
[9.0],data/preprocess/Images/image_80.png
[0.0],data/preprocess/Images/image_81.png
[2.0],data/preprocess/Images/image_82.png
[6.0],data/preprocess/Images/image_83.png
[7.0],data/preprocess/Images/image_84.png
[8.0],data/preprocess/Images/image_85.png
[3.0],data/preprocess/Images/image_86.png
[9.0],data/preprocess/Images/image_87.png
[0.0],data/preprocess/Images/image_88.png
[4.0],data/preprocess/Images/image_89.png
[6.0],data/preprocess/Images/image_90.png
[4.0],data/preprocess/Images/image_92.png
[0.0],data/preprocess/Images/image_95.png
[7.0],data/preprocess/Images/image_96.png
[8.0],data/preprocess/Images/image_97.png
[3.0],data/preprocess/Images/image_98.png
[1.0],data/preprocess/Images/image_99.png
[5.0],data/preprocess/Images/image_100.png
[7.0],data/preprocess/Images/image_101.png
[1.0],data/preprocess/Images/image_104.png
[1.0],data/preprocess/Images/image_105.png
[3.0],data/preprocess/Images/image_107.png
[0.0],data/preprocess/Images/image_108.png
[2.0],data/preprocess/Images/image_109.png
[3.0],data/preprocess/Images/image_111.png
[1.0],data/preprocess/Images/image_112.png
[1.0],data/preprocess/Images/image_113.png
[0.0],data/preprocess/Images/image_114.png
[4.0],data/preprocess/Images/image_115.png
[9.0],data/preprocess/Images/image_116.png
[2.0],data/preprocess/Images/image_122.png
[7.0],data/preprocess/Images/image_123.png
[8.0],data/preprocess/Images/image_125.png
[6.0],data/preprocess/Images/image_126.png
[4.0],data/preprocess/Images/image_127.png
[1.0],data/preprocess/Images/image_128.png
[6.0],data/preprocess/Images/image_129.png
[3.0],data/preprocess/Images/image_130.png
[4.0],data/preprocess/Images/image_131.png
[1.0],data/preprocess/Images/image_134.png
[3.0],data/preprocess/Images/image_135.png
[4.0],data/preprocess/Images/image_139.png
[7.0],data/preprocess/Images/image_140.png
[7.0],data/preprocess/Images/image_141.png
[4.0],data/preprocess/Images/image_142.png
[2.0],data/preprocess/Images/image_143.png
[5.0],data/preprocess/Images/image_145.png
[8.0],data/preprocess/Images/image_146.png
[6.0],data/preprocess/Images/image_147.png
[3.0],data/preprocess/Images/image_149.png
[4.0],data/preprocess/Images/image_150.png
[6.0],data/preprocess/Images/image_151.png
[9.0],data/preprocess/Images/image_153.png
[9.0],data/preprocess/Images/image_154.png
[0.0],data/preprocess/Images/image_156.png
[3.0],data/preprocess/Images/image_157.png
[7.0],data/preprocess/Images/image_158.png
[2.0],data/preprocess/Images/image_159.png
[4.0],data/preprocess/Images/image_164.png
[9.0],data/preprocess/Images/image_167.png
[7.0],data/preprocess/Images/image_168.png
[0.0],data/preprocess/Images/image_169.png
[2.0],data/preprocess/Images/image_171.png
[9.0],data/preprocess/Images/image_172.png
[5.0],data/preprocess/Images/image_173.png
[1.0],data/preprocess/Images/image_174.png
[9.0],data/preprocess/Images/image_176.png
[1.0],data/preprocess/Images/image_177.png
[2.0],data/preprocess/Images/image_178.png
[3.0],data/preprocess/Images/image_179.png
[2.0],data/preprocess/Images/image_180.png
[3.0],data/preprocess/Images/image_181.png
[5.0],data/preprocess/Images/image_182.png
[1.0],data/preprocess/Images/image_184.png
[7.0],data/preprocess/Images/image_185.png
[6.0],data/preprocess/Images/image_186.png
[5.0],data/preprocess/Images/image_191.png
[7.0],data/preprocess/Images/image_193.png
[4.0],data/preprocess/Images/image_194.png
[9.0],data/preprocess/Images/image_195.png
[7.0],data/preprocess/Images/image_196.png
[8.0],data/preprocess/Images/image_197.png
[3.0],data/preprocess/Images/image_198.png
[2.0],data/preprocess/Images/image_199.png
[1.0],data/preprocess/Images/image_200.png
[8.0],data/preprocess/Images/image_202.png
[6.0],data/preprocess/Images/image_204.png
[1.0],data/preprocess/Images/image_208.png
[0.0],data/preprocess/Images/image_209.png
[7.0],data/preprocess/Images/image_212.png
[7.0],data/preprocess/Images/image_214.png
[3.0],data/preprocess/Images/image_215.png
[4.0],data/preprocess/Images/image_217.png
[5.0],data/preprocess/Images/image_219.png
[2.0],data/preprocess/Images/image_220.png
[7.0],data/preprocess/Images/image_223.png
[9.0],data/preprocess/Images/image_226.png
[9.0],data/preprocess/Images/image_227.png
[3.0],data/preprocess/Images/image_228.png
[0.0],data/preprocess/Images/image_229.png
[7.0],data/preprocess/Images/image_230.png
[0.0],data/preprocess/Images/image_232.png
[2.0],data/preprocess/Images/image_233.png
[0.0],data/preprocess/Images/image_234.png
[3.0],data/preprocess/Images/image_235.png
[5.0],data/preprocess/Images/image_236.png
[4.0],data/preprocess/Images/image_237.png
[6.0],data/preprocess/Images/image_238.png
[5.0],data/preprocess/Images/image_239.png
[6.0],data/preprocess/Images/image_241.png
[3.0],data/preprocess/Images/image_242.png
[5.0],data/preprocess/Images/image_244.png
[8.0],data/preprocess/Images/image_245.png
[0.0],data/preprocess/Images/image_246.png
[9.0],data/preprocess/Images/image_247.png
[1.0],data/preprocess/Images/image_248.png
[0.0],data/preprocess/Images/image_249.png
[2.0],data/preprocess/Images/image_252.png
[2.0],data/preprocess/Images/image_253.png
[3.0],data/preprocess/Images/image_254.png
[6.0],data/preprocess/Images/image_256.png
[4.0],data/preprocess/Images/image_257.png
[0.0],data/preprocess/Images/image_260.png
[6.0],data/preprocess/Images/image_261.png
[2.0],data/preprocess/Images/image_262.png
[9.0],data/preprocess/Images/image_264.png
[8.0],data/preprocess/Images/image_265.png
[2.0],data/preprocess/Images/image_268.png
[1.0],data/preprocess/Images/image_270.png
[4.0],data/preprocess/Images/image_271.png
[5.0],data/preprocess/Images/image_273.png
[6.0],data/preprocess/Images/image_274.png
[5.0],data/preprocess/Images/image_278.png
[3.0],data/preprocess/Images/image_281.png
[9.0],data/preprocess/Images/image_282.png
[9.0],data/preprocess/Images/image_285.png
[6.0],data/preprocess/Images/image_286.png
[5.0],data/preprocess/Images/image_287.png
[7.0],data/preprocess/Images/image_288.png
[4.0],data/preprocess/Images/image_289.png
[1.0],data/preprocess/Images/image_290.png
[4.0],data/preprocess/Images/image_292.png
[4.0],data/preprocess/Images/image_294.png
[8.0],data/preprocess/Images/image_295.png
[4.0],data/preprocess/Images/image_297.png
[3.0],data/preprocess/Images/image_298.png
[7.0],data/preprocess/Images/image_301.png
[6.0],data/preprocess/Images/image_302.png
[0.0],data/preprocess/Images/image_303.png
[9.0],data/preprocess/Images/image_304.png
[7.0],data/preprocess/Images/image_305.png
[7.0],data/preprocess/Images/image_307.png
[2.0],data/preprocess/Images/image_308.png
[1.0],data/preprocess/Images/image_309.png
[1.0],data/preprocess/Images/image_310.png
[8.0],data/preprocess/Images/image_312.png
[1.0],data/preprocess/Images/image_315.png
[5.0],data/preprocess/Images/image_316.png
[9.0],data/preprocess/Images/image_319.png
[3.0],data/preprocess/Images/image_321.png
[9.0],data/preprocess/Images/image_322.png
[6.0],data/preprocess/Images/image_323.png
[7.0],data/preprocess/Images/image_324.png
[2.0],data/preprocess/Images/image_325.png
[0.0],data/preprocess/Images/image_326.png
[5.0],data/preprocess/Images/image_328.png
[4.0],data/preprocess/Images/image_329.png
[3.0],data/preprocess/Images/image_330.png
[6.0],data/preprocess/Images/image_331.png
[5.0],data/preprocess/Images/image_332.png
[8.0],data/preprocess/Images/image_333.png
[4.0],data/preprocess/Images/image_336.png
[7.0],data/preprocess/Images/image_337.png
[4.0],data/preprocess/Images/image_338.png
[4.0],data/preprocess/Images/image_342.png
[8.0],data/preprocess/Images/image_343.png
[9.0],data/preprocess/Images/image_344.png
[1.0],data/preprocess/Images/image_345.png
[9.0],data/preprocess/Images/image_346.png
[2.0],data/preprocess/Images/image_347.png
[8.0],data/preprocess/Images/image_348.png
[9.0],data/preprocess/Images/image_350.png
[1.0],data/preprocess/Images/image_351.png
[7.0],data/preprocess/Images/image_353.png
[1.0],data/preprocess/Images/image_355.png
[1.0],data/preprocess/Images/image_357.png
[0.0],data/preprocess/Images/image_359.png
[3.0],data/preprocess/Images/image_361.png
[9.0],data/preprocess/Images/image_362.png
[4.0],data/preprocess/Images/image_363.png
[2.0],data/preprocess/Images/image_365.png
[1.0],data/preprocess/Images/image_366.png
[6.0],data/preprocess/Images/image_367.png
[8.0],data/preprocess/Images/image_368.png
[4.0],data/preprocess/Images/image_369.png
[7.0],data/preprocess/Images/image_370.png
[7.0],data/preprocess/Images/image_371.png
[4.0],data/preprocess/Images/image_372.png
[4.0],data/preprocess/Images/image_373.png
[9.0],data/preprocess/Images/image_374.png
[2.0],data/preprocess/Images/image_375.png
[5.0],data/preprocess/Images/image_376.png
[7.0],data/preprocess/Images/image_377.png
[2.0],data/preprocess/Images/image_378.png
[2.0],data/preprocess/Images/image_381.png
[9.0],data/preprocess/Images/image_383.png
[7.0],data/preprocess/Images/image_384.png
[2.0],data/preprocess/Images/image_385.png
[8.0],data/preprocess/Images/image_386.png
[7.0],data/preprocess/Images/image_387.png
[9.0],data/preprocess/Images/image_389.png
[2.0],data/preprocess/Images/image_391.png
[8.0],data/preprocess/Images/image_393.png
[1.0],data/preprocess/Images/image_394.png
[6.0],data/preprocess/Images/image_395.png
[5.0],data/preprocess/Images/image_396.png
[1.0],data/preprocess/Images/image_397.png
[0.0],data/preprocess/Images/image_399.png
[6.0],data/preprocess/Images/image_401.png
[4.0],data/preprocess/Images/image_402.png
[5.0],data/preprocess/Images/image_403.png
[8.0],data/preprocess/Images/image_404.png
[1.0],data/preprocess/Images/image_406.png
[5.0],data/preprocess/Images/image_407.png
[1.0],data/preprocess/Images/image_408.png
[9.0],data/preprocess/Images/image_409.png
[2.0],data/preprocess/Images/image_410.png
[4.0],data/preprocess/Images/image_412.png
[4.0],data/preprocess/Images/image_413.png
[5.0],data/preprocess/Images/image_417.png
[7.0],data/preprocess/Images/image_422.png
[9.0],data/preprocess/Images/image_423.png
[3.0],data/preprocess/Images/image_425.png
[7.0],data/preprocess/Images/image_426.png
[9.0],data/preprocess/Images/image_428.png
[0.0],data/preprocess/Images/image_429.png
[6.0],data/preprocess/Images/image_430.png
[6.0],data/preprocess/Images/image_431.png
[2.0],data/preprocess/Images/image_432.png
[3.0],data/preprocess/Images/image_433.png
[9.0],data/preprocess/Images/image_434.png
[0.0],data/preprocess/Images/image_435.png
[7.0],data/preprocess/Images/image_436.png
[5.0],data/preprocess/Images/image_437.png
[0.0],data/preprocess/Images/image_440.png
[9.0],data/preprocess/Images/image_441.png
[4.0],data/preprocess/Images/image_442.png
[1.0],data/preprocess/Images/image_443.png
[8.0],data/preprocess/Images/image_445.png
[7.0],data/preprocess/Images/image_446.png
[2.0],data/preprocess/Images/image_448.png
[1.0],data/preprocess/Images/image_450.png
[0.0],data/preprocess/Images/image_453.png
[1.0],data/preprocess/Images/image_454.png
[2.0],data/preprocess/Images/image_457.png
[0.0],data/preprocess/Images/image_458.png
[3.0],data/preprocess/Images/image_459.png
[9.0],data/preprocess/Images/image_460.png
[4.0],data/preprocess/Images/image_461.png
[5.0],data/preprocess/Images/image_463.png
[0.0],data/preprocess/Images/image_464.png
[6.0],data/preprocess/Images/image_465.png
[1.0],data/preprocess/Images/image_466.png
[7.0],data/preprocess/Images/image_467.png
[7.0],data/preprocess/Images/image_468.png
[1.0],data/preprocess/Images/image_470.png
[9.0],data/preprocess/Images/image_471.png
[2.0],data/preprocess/Images/image_472.png
[5.0],data/preprocess/Images/image_474.png
[1.0],data/preprocess/Images/image_475.png
[2.0],data/preprocess/Images/image_477.png
[7.0],data/preprocess/Images/image_478.png
[3.0],data/preprocess/Images/image_479.png
[5.0],data/preprocess/Images/image_480.png
[4.0],data/preprocess/Images/image_481.png
[9.0],data/preprocess/Images/image_482.png
[7.0],data/preprocess/Images/image_483.png
[1.0],data/preprocess/Images/image_484.png
[8.0],data/preprocess/Images/image_485.png
[9.0],data/preprocess/Images/image_487.png
[6.0],data/preprocess/Images/image_488.png
[0.0],data/preprocess/Images/image_489.png
[3.0],data/preprocess/Images/image_490.png
[1.0],data/preprocess/Images/image_491.png
[1.0],data/preprocess/Images/image_492.png
[2.0],data/preprocess/Images/image_493.png
[6.0],data/preprocess/Images/image_494.png
[3.0],data/preprocess/Images/image_495.png
[5.0],data/preprocess/Images/image_496.png
[7.0],data/preprocess/Images/image_497.png
[6.0],data/preprocess/Images/image_498.png
[8.0],data/preprocess/Images/image_499.png
[3.0],data/preprocess/Images/image_500.png
[9.0],data/preprocess/Images/image_501.png
[5.0],data/preprocess/Images/image_502.png
[8.0],data/preprocess/Images/image_503.png
[7.0],data/preprocess/Images/image_505.png
[1.0],data/preprocess/Images/image_507.png
[3.0],data/preprocess/Images/image_509.png
[1.0],data/preprocess/Images/image_510.png
[5.0],data/preprocess/Images/image_512.png
[5.0],data/preprocess/Images/image_513.png
[0.0],data/preprocess/Images/image_519.png
[9.0],data/preprocess/Images/image_520.png
[7.0],data/preprocess/Images/image_522.png
[5.0],data/preprocess/Images/image_523.png
[0.0],data/preprocess/Images/image_524.png
[0.0],data/preprocess/Images/image_526.png
[0.0],data/preprocess/Images/image_527.png
[2.0],data/preprocess/Images/image_530.png
[4.0],data/preprocess/Images/image_531.png
[8.0],data/preprocess/Images/image_532.png
[1.0],data/preprocess/Images/image_533.png
[1.0],data/preprocess/Images/image_535.png
[6.0],data/preprocess/Images/image_536.png
[5.0],data/preprocess/Images/image_537.png
[8.0],data/preprocess/Images/image_539.png
[3.0],data/preprocess/Images/image_540.png
[4.0],data/preprocess/Images/image_541.png
[5.0],data/preprocess/Images/image_543.png
[5.0],data/preprocess/Images/image_544.png
[8.0],data/preprocess/Images/image_545.png
[6.0],data/preprocess/Images/image_547.png
[2.0],data/preprocess/Images/image_548.png
[3.0],data/preprocess/Images/image_549.png
[9.0],data/preprocess/Images/image_550.png
[2.0],data/preprocess/Images/image_551.png
[1.0],data/preprocess/Images/image_552.png
[1.0],data/preprocess/Images/image_553.png
[2.0],data/preprocess/Images/image_558.png
[8.0],data/preprocess/Images/image_559.png
[7.0],data/preprocess/Images/image_560.png
[3.0],data/preprocess/Images/image_561.png
[7.0],data/preprocess/Images/image_562.png
[2.0],data/preprocess/Images/image_563.png
[6.0],data/preprocess/Images/image_565.png
[9.0],data/preprocess/Images/image_566.png
[7.0],data/preprocess/Images/image_567.png
[4.0],data/preprocess/Images/image_569.png
[2.0],data/preprocess/Images/image_570.png
[8.0],data/preprocess/Images/image_571.png
[1.0],data/preprocess/Images/image_572.png
[1.0],data/preprocess/Images/image_573.png
[3.0],data/preprocess/Images/image_574.png
[8.0],data/preprocess/Images/image_575.png
[0.0],data/preprocess/Images/image_577.png
[6.0],data/preprocess/Images/image_578.png
[5.0],data/preprocess/Images/image_579.png
[9.0],data/preprocess/Images/image_580.png
[3.0],data/preprocess/Images/image_581.png
[0.0],data/preprocess/Images/image_582.png
[2.0],data/preprocess/Images/image_584.png
[7.0],data/preprocess/Images/image_586.png
[1.0],data/preprocess/Images/image_587.png
[9.0],data/preprocess/Images/image_589.png
[4.0],data/preprocess/Images/image_590.png
[6.0],data/preprocess/Images/image_592.png
[1.0],data/preprocess/Images/image_593.png
[8.0],data/preprocess/Images/image_594.png
[6.0],data/preprocess/Images/image_597.png
[7.0],data/preprocess/Images/image_599.png
[0.0],data/preprocess/Images/image_603.png
[4.0],data/preprocess/Images/image_605.png
[6.0],data/preprocess/Images/image_607.png
[7.0],data/preprocess/Images/image_608.png
[1.0],data/preprocess/Images/image_609.png
[0.0],data/preprocess/Images/image_612.png
[2.0],data/preprocess/Images/image_619.png
[5.0],data/preprocess/Images/image_620.png
[9.0],data/preprocess/Images/image_621.png
[5.0],data/preprocess/Images/image_625.png
[9.0],data/preprocess/Images/image_626.png
[3.0],data/preprocess/Images/image_629.png
[6.0],data/preprocess/Images/image_630.png
[9.0],data/preprocess/Images/image_631.png
[0.0],data/preprocess/Images/image_633.png
[5.0],data/preprocess/Images/image_635.png
[1.0],data/preprocess/Images/image_637.png
[1.0],data/preprocess/Images/image_638.png
[0.0],data/preprocess/Images/image_639.png
[7.0],data/preprocess/Images/image_640.png
[9.0],data/preprocess/Images/image_641.png
[2.0],data/preprocess/Images/image_642.png
[3.0],data/preprocess/Images/image_643.png
[7.0],data/preprocess/Images/image_644.png
[6.0],data/preprocess/Images/image_649.png
[2.0],data/preprocess/Images/image_650.png
[5.0],data/preprocess/Images/image_652.png
[5.0],data/preprocess/Images/image_653.png
[7.0],data/preprocess/Images/image_654.png
[4.0],data/preprocess/Images/image_655.png
[0.0],data/preprocess/Images/image_656.png
[2.0],data/preprocess/Images/image_657.png
[3.0],data/preprocess/Images/image_659.png
[4.0],data/preprocess/Images/image_661.png
[0.0],data/preprocess/Images/image_662.png
[4.0],data/preprocess/Images/image_663.png
[2.0],data/preprocess/Images/image_664.png
[0.0],data/preprocess/Images/image_667.png
[0.0],data/preprocess/Images/image_668.png
[0.0],data/preprocess/Images/image_669.png
[3.0],data/preprocess/Images/image_670.png
[1.0],data/preprocess/Images/image_671.png
[6.0],data/preprocess/Images/image_672.png
[2.0],data/preprocess/Images/image_673.png
[4.0],data/preprocess/Images/image_677.png
[5.0],data/preprocess/Images/image_679.png
[4.0],data/preprocess/Images/image_680.png
[6.0],data/preprocess/Images/image_681.png
[8.0],data/preprocess/Images/image_685.png
[9.0],data/preprocess/Images/image_687.png
[2.0],data/preprocess/Images/image_688.png
[5.0],data/preprocess/Images/image_690.png
[1.0],data/preprocess/Images/image_691.png
[4.0],data/preprocess/Images/image_692.png
[8.0],data/preprocess/Images/image_694.png
[2.0],data/preprocess/Images/image_696.png
[1.0],data/preprocess/Images/image_698.png
[8.0],data/preprocess/Images/image_705.png
[9.0],data/preprocess/Images/image_707.png
[8.0],data/preprocess/Images/image_708.png
[1.0],data/preprocess/Images/image_710.png
[1.0],data/preprocess/Images/image_711.png
[0.0],data/preprocess/Images/image_712.png
[2.0],data/preprocess/Images/image_713.png
[2.0],data/preprocess/Images/image_714.png
[3.0],data/preprocess/Images/image_715.png
[2.0],data/preprocess/Images/image_716.png
[4.0],data/preprocess/Images/image_717.png
[4.0],data/preprocess/Images/image_718.png
[8.0],data/preprocess/Images/image_720.png
[6.0],data/preprocess/Images/image_721.png
[5.0],data/preprocess/Images/image_722.png
[8.0],data/preprocess/Images/image_726.png
[4.0],data/preprocess/Images/image_729.png
[7.0],data/preprocess/Images/image_730.png
[3.0],data/preprocess/Images/image_731.png
[0.0],data/preprocess/Images/image_733.png
[8.0],data/preprocess/Images/image_734.png
[6.0],data/preprocess/Images/image_735.png
[8.0],data/preprocess/Images/image_736.png
[6.0],data/preprocess/Images/image_739.png
[8.0],data/preprocess/Images/image_740.png
[9.0],data/preprocess/Images/image_741.png
[4.0],data/preprocess/Images/image_742.png
[0.0],data/preprocess/Images/image_743.png
[9.0],data/preprocess/Images/image_744.png
[0.0],data/preprocess/Images/image_745.png
[4.0],data/preprocess/Images/image_746.png
[1.0],data/preprocess/Images/image_747.png
[5.0],data/preprocess/Images/image_748.png
[7.0],data/preprocess/Images/image_750.png
[3.0],data/preprocess/Images/image_752.png
[7.0],data/preprocess/Images/image_753.png
[4.0],data/preprocess/Images/image_754.png
[8.0],data/preprocess/Images/image_756.png
[5.0],data/preprocess/Images/image_757.png
[8.0],data/preprocess/Images/image_758.png
[6.0],data/preprocess/Images/image_759.png
[8.0],data/preprocess/Images/image_761.png
[6.0],data/preprocess/Images/image_762.png
[9.0],data/preprocess/Images/image_763.png
[1.0],data/preprocess/Images/image_765.png
[8.0],data/preprocess/Images/image_766.png
[3.0],data/preprocess/Images/image_767.png
[8.0],data/preprocess/Images/image_769.png
[7.0],data/preprocess/Images/image_773.png
[2.0],data/preprocess/Images/image_774.png
[5.0],data/preprocess/Images/image_775.png
[0.0],data/preprocess/Images/image_776.png
[8.0],data/preprocess/Images/image_777.png
[5.0],data/preprocess/Images/image_778.png
[1.0],data/preprocess/Images/image_780.png
[0.0],data/preprocess/Images/image_781.png
[6.0],data/preprocess/Images/image_785.png
[7.0],data/preprocess/Images/image_786.png
[0.0],data/preprocess/Images/image_787.png
[3.0],data/preprocess/Images/image_789.png
[8.0],data/preprocess/Images/image_792.png
[8.0],data/preprocess/Images/image_796.png
[4.0],data/preprocess/Images/image_797.png
[7.0],data/preprocess/Images/image_798.png
[2.0],data/preprocess/Images/image_801.png
[7.0],data/preprocess/Images/image_803.png
[4.0],data/preprocess/Images/image_804.png
[5.0],data/preprocess/Images/image_805.png
[9.0],data/preprocess/Images/image_806.png
[2.0],data/preprocess/Images/image_807.png
[3.0],data/preprocess/Images/image_808.png
[1.0],data/preprocess/Images/image_809.png
[6.0],data/preprocess/Images/image_810.png
[9.0],data/preprocess/Images/image_812.png
[2.0],data/preprocess/Images/image_813.png
[2.0],data/preprocess/Images/image_814.png
[5.0],data/preprocess/Images/image_815.png
[6.0],data/preprocess/Images/image_816.png
[8.0],data/preprocess/Images/image_817.png
[0.0],data/preprocess/Images/image_818.png
[7.0],data/preprocess/Images/image_819.png
[7.0],data/preprocess/Images/image_820.png
[1.0],data/preprocess/Images/image_821.png
[9.0],data/preprocess/Images/image_822.png
[8.0],data/preprocess/Images/image_823.png
[0.0],data/preprocess/Images/image_825.png
[9.0],data/preprocess/Images/image_826.png
[9.0],data/preprocess/Images/image_827.png
[4.0],data/preprocess/Images/image_828.png
[6.0],data/preprocess/Images/image_829.png
[8.0],data/preprocess/Images/image_831.png
[5.0],data/preprocess/Images/image_832.png
[1.0],data/preprocess/Images/image_833.png
[4.0],data/preprocess/Images/image_834.png
[1.0],data/preprocess/Images/image_835.png
[1.0],data/preprocess/Images/image_838.png
[7.0],data/preprocess/Images/image_839.png
[4.0],data/preprocess/Images/image_842.png
[3.0],data/preprocess/Images/image_843.png
[2.0],data/preprocess/Images/image_844.png
[6.0],data/preprocess/Images/image_846.png
[4.0],data/preprocess/Images/image_847.png
[4.0],data/preprocess/Images/image_848.png
[0.0],data/preprocess/Images/image_849.png
[4.0],data/preprocess/Images/image_850.png
[4.0],data/preprocess/Images/image_851.png
[6.0],data/preprocess/Images/image_852.png
[7.0],data/preprocess/Images/image_853.png
[2.0],data/preprocess/Images/image_854.png
[3.0],data/preprocess/Images/image_856.png
[3.0],data/preprocess/Images/image_857.png
[8.0],data/preprocess/Images/image_858.png
[0.0],data/preprocess/Images/image_859.png
[0.0],data/preprocess/Images/image_860.png
[3.0],data/preprocess/Images/image_861.png
[2.0],data/preprocess/Images/image_863.png
[9.0],data/preprocess/Images/image_864.png
[8.0],data/preprocess/Images/image_865.png
[2.0],data/preprocess/Images/image_866.png
[3.0],data/preprocess/Images/image_867.png
[7.0],data/preprocess/Images/image_868.png
[0.0],data/preprocess/Images/image_869.png
[1.0],data/preprocess/Images/image_870.png
[0.0],data/preprocess/Images/image_872.png
[2.0],data/preprocess/Images/image_873.png
[3.0],data/preprocess/Images/image_874.png
[3.0],data/preprocess/Images/image_875.png
[8.0],data/preprocess/Images/image_876.png
[4.0],data/preprocess/Images/image_877.png
[7.0],data/preprocess/Images/image_880.png
[6.0],data/preprocess/Images/image_881.png
[4.0],data/preprocess/Images/image_882.png
[7.0],data/preprocess/Images/image_884.png
[8.0],data/preprocess/Images/image_885.png
[5.0],data/preprocess/Images/image_886.png
[7.0],data/preprocess/Images/image_888.png
[1.0],data/preprocess/Images/image_891.png
[6.0],data/preprocess/Images/image_892.png
[2.0],data/preprocess/Images/image_893.png
[4.0],data/preprocess/Images/image_894.png
[3.0],data/preprocess/Images/image_895.png
[4.0],data/preprocess/Images/image_896.png
[5.0],data/preprocess/Images/image_899.png
[9.0],data/preprocess/Images/image_900.png
[9.0],data/preprocess/Images/image_902.png
[0.0],data/preprocess/Images/image_903.png
[7.0],data/preprocess/Images/image_904.png
[1.0],data/preprocess/Images/image_905.png
[4.0],data/preprocess/Images/image_906.png
[2.0],data/preprocess/Images/image_907.png
[7.0],data/preprocess/Images/image_908.png
[3.0],data/preprocess/Images/image_909.png
[6.0],data/preprocess/Images/image_910.png
[7.0],data/preprocess/Images/image_911.png
[8.0],data/preprocess/Images/image_913.png
[4.0],data/preprocess/Images/image_914.png
[5.0],data/preprocess/Images/image_915.png
[5.0],data/preprocess/Images/image_916.png
[2.0],data/preprocess/Images/image_917.png
[1.0],data/preprocess/Images/image_919.png
[1.0],data/preprocess/Images/image_920.png
[5.0],data/preprocess/Images/image_921.png
[8.0],data/preprocess/Images/image_923.png
[5.0],data/preprocess/Images/image_924.png
[0.0],data/preprocess/Images/image_927.png
[7.0],data/preprocess/Images/image_928.png
[9.0],data/preprocess/Images/image_930.png
[2.0],data/preprocess/Images/image_931.png
[9.0],data/preprocess/Images/image_932.png
[7.0],data/preprocess/Images/image_934.png
[8.0],data/preprocess/Images/image_935.png
[7.0],data/preprocess/Images/image_936.png
[4.0],data/preprocess/Images/image_937.png
[2.0],data/preprocess/Images/image_938.png
[6.0],data/preprocess/Images/image_939.png
[9.0],data/preprocess/Images/image_940.png
[1.0],data/preprocess/Images/image_941.png
[6.0],data/preprocess/Images/image_944.png
[4.0],data/preprocess/Images/image_945.png
[2.0],data/preprocess/Images/image_946.png
[5.0],data/preprocess/Images/image_947.png
[7.0],data/preprocess/Images/image_948.png
[0.0],data/preprocess/Images/image_949.png
[7.0],data/preprocess/Images/image_950.png
[7.0],data/preprocess/Images/image_954.png
[6.0],data/preprocess/Images/image_955.png
[5.0],data/preprocess/Images/image_956.png
[0.0],data/preprocess/Images/image_957.png
[6.0],data/preprocess/Images/image_958.png
[1.0],data/preprocess/Images/image_959.png
[5.0],data/preprocess/Images/image_960.png
[1.0],data/preprocess/Images/image_961.png
[8.0],data/preprocess/Images/image_963.png
[5.0],data/preprocess/Images/image_964.png
[0.0],data/preprocess/Images/image_965.png
[3.0],data/preprocess/Images/image_966.png
[7.0],data/preprocess/Images/image_968.png
[5.0],data/preprocess/Images/image_970.png
[7.0],data/preprocess/Images/image_971.png
[8.0],data/preprocess/Images/image_972.png
[6.0],data/preprocess/Images/image_973.png
[3.0],data/preprocess/Images/image_975.png
[1.0],data/preprocess/Images/image_978.png
[9.0],data/preprocess/Images/image_980.png
[7.0],data/preprocess/Images/image_981.png
[1.0],data/preprocess/Images/image_982.png
[3.0],data/preprocess/Images/image_983.png
[0.0],data/preprocess/Images/image_984.png
[6.0],data/preprocess/Images/image_986.png
[4.0],data/preprocess/Images/image_987.png
[4.0],data/preprocess/Images/image_988.png
[2.0],data/preprocess/Images/image_989.png
[4.0],data/preprocess/Images/image_990.png
[4.0],data/preprocess/Images/image_991.png
[3.0],data/preprocess/Images/image_992.png
[1.0],data/preprocess/Images/image_993.png
[7.0],data/preprocess/Images/image_994.png
[7.0],data/preprocess/Images/image_995.png
[6.0],data/preprocess/Images/image_996.png
[0.0],data/preprocess/Images/image_997.png
[3.0],data/preprocess/Images/image_998.png
[6.0],data/preprocess/Images/image_999.png
